,N_MODEL,HIDDEN_SIZE,N_LAYERS,DIRECTIONS,RECALL,PERCISION,F1,RECALL_WO_O,PERCISION_WO_O,F1_WO_O
0,Model1,500,1,1,0.8851146427271624,0.8775510001878267,0.8775986043497686,0.5847255369928401,0.6899830404933996,0.6203606844419308
1,Model2,500,2,1,0.8980953536333859,0.8963257544841778,0.8917645643962423,0.616945107398568,0.7308804501977216,0.6481336847315461
2,Model3,500,3,1,0.8909377653766832,0.8925978417928535,0.8896385867666342,0.6127684964200477,0.7056508125942831,0.6492190762582469
3,Model4,500,1,2,0.8970035181366007,0.8920418802228918,0.885815719686516,0.5465393794749404,0.8387844525736581,0.6566009749019802
4,Model5,500,2,2,0.9107121193740143,0.9082238989410877,0.90622826714872,0.6581145584725536,0.7773449505534243,0.7029465091732713
5,Model6,500,3,2,0.9158073516923451,0.9161867089815419,0.9150718387314011,0.7034606205250596,0.7628957308438533,0.7288475087654517
6,Model7,800,1,2,0.8983379837437826,0.8967823818937095,0.8848054898711203,0.5417661097852029,0.8783576141215585,0.6553284936081756
7,Model8,800,2,2,0.9176270775203202,0.9143362667492039,0.9116488086393901,0.6730310262529833,0.8336777926353922,0.7341279695844918
8,Model9,800,3,2,0.9086497634356424,0.9070401677638396,0.9026873191418828,0.6384248210023866,0.8090226720451751,0.7004865461128895
