,N_MODEL,HIDDEN_SIZE,N_LAYERS,DIRECTIONS,RECALL,PERCISION,F1,RECALL_WO_O,PERCISION_WO_O,F1_WO_O
0,Model1,500,1,1,0.9022200655101298,0.8977503210897068,0.8936862577908414,0.5823389021479713,0.8019128177022504,0.6650524901927176
1,Model2,500,2,1,0.9226009947834526,0.9204919387531393,0.9177789104650449,0.6766109785202865,0.8397462943687488,0.7416429479913391
2,Model3,500,3,1,0.8868130534999393,0.9141582315685615,0.8961215647987895,0.6742243436754176,0.7053906510278761,0.6690576573412665
3,Model4,500,1,2,0.9131384204779813,0.9149675030587039,0.9108166100609528,0.6670644391408114,0.8038267133854428,0.7206137235193143
4,Model5,500,2,2,0.9312143637025355,0.9293766858520065,0.9278160733364093,0.7028639618138425,0.8637447721569504,0.7730132324512617
5,Model6,500,3,2,0.9354603906344777,0.936027605172184,0.9348428827771842,0.7816229116945108,0.8126988052267716,0.7927815105798324
6,Model7,800,1,2,0.9150794613611549,0.9125952905713827,0.9092661055722717,0.6426014319809069,0.8240087979082147,0.7133143779072232
7,Model8,800,2,2,0.9318209389785272,0.9297907072325512,0.9264505917281384,0.6915274463007159,0.877378833849265,0.7655604756092198
8,Model9,800,3,2,0.9411621982288002,0.9389893565341834,0.9389758683793089,0.7625298329355608,0.8494058374286346,0.8011815321080672
