,nl,pt,en,it,tl,in,fr,es
nl,11.94772883714126,23.273539584722673,17.67220885053829,22.143569585978213,22.97773656437954,24.105974621579424,19.843155291080826,20.919420069511112
pt,27.234237401647285,10.66795759293864,23.015002644124664,18.93537412041542,26.105979809374034,28.869460751915074,20.696079803715573,15.7875187552845
en,19.97604654145965,20.99388669816416,10.833558005448156,19.623341194712243,22.314976166027837,23.764113859371932,18.42665162394968,18.43203568819344
it,25.148937683680792,17.84791472155522,20.91316363703241,10.855718440560521,23.989542463592233,27.187460339559927,19.157587690989345,16.001778793957293
tl,22.727410406271364,21.767914959411115,17.485157128672046,19.965149548443687,12.226816730086377,19.674234435105,22.118868717527132,19.37747781044728
in,21.850921202306353,22.507748797775992,19.459306921706503,21.17811411963057,18.737557052363698,12.881496351162264,22.258422586761935,20.346262907876554
fr,22.019154443270406,19.43405496598671,18.732887769126194,18.707152251136094,25.788100914176603,25.6384613460439,10.38000468165557,16.68112869335522
es,24.855799362757033,16.55205373948139,21.369187264201166,17.22369946987808,25.77382961774907,26.600541548492174,19.04424290690421,10.221238553586524
